theta,Ma,p,T
-3.141592653589793,1.8030471707975444,101305.26974385702,286.40390725244254
-3.109698311928983,1.82402269265196,101229.07710310054,285.2841115851169
-3.0778039702681728,1.8762095617179468,101125.59155666064,286.55077329509857
-3.045909628607363,1.912113747169807,101055.26745262588,285.52703468721126
-3.014015286946553,1.916783021194929,101013.67937217744,286.18203381730547
-2.9821209452857427,1.956302461904384,100853.13932405371,283.78098379285615
-2.9502266036249325,2.002944798741231,100786.59638407554,284.9145972485056
-2.9183322619641228,2.03002580495201,100558.26059872197,285.76584094945866
-2.8864379203033126,2.063593535152219,100565.37867389533,287.1266931506814
-2.8545435786425024,2.0847315424628197,100433.46865152317,284.8262647700213
-2.8226492369816922,2.130363519199398,100323.36903046211,286.7988257018242
-2.790754895320882,2.1563469949271163,100250.03841877855,285.3820456497205
-2.7588605536600723,2.174811073319568,100187.92496846741,285.85019897880267
-2.726966211999262,2.209482967324323,100162.2509685238,287.9300350095999
-2.695071870338452,2.2253256697311334,99963.19019258277,282.4845544267439
-2.663177528677642,2.2327866274753494,99945.41311457338,284.0911702819295
-2.631283187016832,2.2640006729565503,99835.44960207076,283.94672833535344
-2.599388845356022,2.2677855746567563,99760.5414441097,282.4841646257593
-2.5674945036952117,2.3012783632006295,99745.90465938437,286.04823484150194
-2.5356001620344015,2.3051107844091656,99643.17140469656,289.1698097834227
-2.5037058203735914,2.3148209754192286,99605.37246397897,287.37989277252916
-2.471811478712781,2.3188182453190156,99454.83135914437,288.63621714715885
-2.4399171370519714,2.3446728445586795,99353.70800512299,290.72200924128913
-2.4080227953911613,2.3355562347613468,99305.23041800037,291.51353682709055
-2.376128453730351,2.3352876266838556,99258.50947098603,289.0458120683205
-2.3442341120695414,2.336324177165405,99187.28886215152,292.22818463552625
-2.312339770408731,2.3432473277328736,99058.49973386254,290.05284992777376
-2.280445428747921,2.337469330187622,99053.75281959734,288.55168920440735
-2.248551087087111,2.3316615150314486,98999.46377034798,289.4055152440408
-2.2166567454263006,2.323415891503948,99055.12713525389,288.01064033160947
-2.1847624037654905,2.3299861190292055,98966.73360776308,289.5820262948941
-2.1528680621046807,2.2918987880914665,98776.36134716535,291.03763129370316
-2.1209737204438706,2.276216419128906,98753.3354701685,293.7645932416335
-2.0890793787830604,2.256619125429361,98645.81484741722,296.0106985756062
-2.0571850371222506,2.2524442005502494,98643.38464560712,290.22408996804376
-2.0252906954614405,2.237286369013986,98645.33089240326,294.20053390562083
-1.9933963538006303,2.202836620252044,98649.21568000244,291.7669152012348
-1.9615020121398201,2.1719107589397053,98514.62419954833,295.2367789493379
-1.9296076704790102,2.146856775719819,98483.34799177978,294.4704038235976
-1.8977133288182,2.1349523628160973,98376.52493868579,291.5213156524395
-1.86581898715739,2.1078878295467476,98446.48004255787,297.49517101015135
-1.8339246454965799,2.0766735465044097,98375.13621693791,294.8884616014796
-1.8020303038357697,2.034270314263294,98378.3750243925,295.4945170487041
-1.7701359621749597,2.0119504398840786,98340.56428608837,294.890163883957
-1.7382416205141495,1.9786464103711965,98362.24558799881,296.1914746447416
-1.7063472788533396,1.9467952451040682,98264.63249641338,298.8287374361816
-1.6744529371925294,1.919863242414078,98267.75035116359,298.06944506278035
-1.6425585955317195,1.8794733942894875,98439.18377590692,299.58181364313737
-1.6106642538709093,1.8498008863129694,98263.01273257249,300.12598320948
-1.578769912210099,1.8092868979474575,98270.25608766856,302.5217207971871
-1.5468755705492891,1.7770666311271577,98417.70393935891,299.6732048241383
-1.514981228888479,1.746157693706381,98474.9251331631,297.883076197166
-1.483086887227669,1.6911873157994788,98277.9536914624,303.44840021547014
-1.4511925455668588,1.6688595611511055,98328.01958172195,301.12680608306476
-1.4192982039060489,1.6341703721123118,98376.43950230267,304.4929738612421
-1.3874038622452387,1.5999585439010768,98461.74283910188,303.5022471013511
-1.3555095205844285,1.5718568284416663,98344.91165210366,302.94213927588635
-1.3236151789236186,1.5587353998520197,98403.91820816396,304.36762817463404
-1.2917208372628084,1.5053475917367434,98479.93531505937,308.0340304918691
-1.2598264956019984,1.495071916924642,98490.62650367903,308.74369249264595
-1.2279321539411883,1.4412233825248042,98480.80529076904,305.1815512636491
-1.1960378122803783,1.4287570898311033,98526.52071893548,305.81109840149077
-1.1641434706195681,1.4092837826494613,98500.90555260754,308.08554079796653
-1.1322491289587582,1.3906646911137188,98596.98277086395,304.67804679726316
-1.100354787297948,1.3707498137655454,98637.57592316832,307.4653393027321
-1.0684604456371378,1.3521810556316982,98707.22763158251,307.1703866644436
-1.0365661039763276,1.323224193955731,98715.25112399328,308.2654965220922
-1.004671762315518,1.3064769445246374,98816.61905545891,306.3787414620293
-0.9727774206547077,1.3060578949016028,98896.27797797712,305.2659595000397
-0.9408830789938976,1.2839868327432074,98908.53562175906,304.69015299145076
-0.9089887373330874,1.2636559148496145,98975.93978660453,306.983389241809
-0.8770943956722776,1.2577225600986535,99021.00481071293,308.67346813540416
-0.8452000540114675,1.254663242461029,99080.69258171794,309.3673413454721
-0.8133057123506573,1.265812526886731,99109.23460942514,314.1809680988141
-0.7814113706898471,1.261441423347138,99227.97847025405,312.86079037468454
-0.7495170290290369,1.2682947091956693,99276.279781918,309.0560876961803
-0.7176226873682272,1.2606808784132522,99456.87181613134,311.9959844056543
-0.685728345707417,1.2722787154101804,99503.95707979577,310.79521408306067
-0.6538340040466069,1.2848421526952354,99519.58991130644,311.33763731483003
-0.6219396623857967,1.2855066248338898,99539.0089916193,312.56190001333863
-0.5900453207249869,1.3052618628339665,99600.18338287465,313.70207418737925
-0.5581509790641768,1.3081998561896064,99795.7010526193,312.0450205800896
-0.5262566374033666,1.3272871120859808,99831.23744002759,315.09810429867827
-0.4943622957425564,1.3451068537048103,99925.59598539,310.920195456642
-0.46246795408174624,1.3568072215520046,99899.29619322807,313.4369900186152
-0.4305736124209365,1.3952308243007268,100119.19554048864,318.826244621373
-0.3986792707601263,1.408928811559163,100183.11642439176,314.2697770861933
-0.36678492909931615,1.4385811457792677,100193.63025679877,316.86870617733234
-0.33489058743850597,1.4695676623482956,100315.42624696202,314.3497344881979
-0.3029962457776958,1.4968931256726457,100443.04196385805,315.4782554559737
-0.27110190411688606,1.5280003688787303,100524.24356693572,314.3385795940464
-0.23920756245607588,1.5504138223447634,100599.5929591247,314.2320753527481
-0.2073132207952657,1.5782290683326385,100702.33139418229,313.11984725175097
-0.17541887913445553,1.613613104573435,100788.83931996764,315.6304055516826
-0.1435245374736458,1.6302400853672265,100903.53124337323,313.14269594995676
-0.11163019581283562,1.6659673319550035,101064.37910669408,316.23780773020155
-0.07973585415202544,1.7010228180440092,100957.71290749649,317.12291571882247
-0.047841512491215266,1.7384375022574514,101169.68769310928,315.71590001100174
-0.01594717083040509,1.7867777176258124,101285.98613633213,314.4255952313788
0.015947170830404644,1.8081652340878207,101387.63918422085,315.9060238571075
0.04784151249121482,1.8478084039261395,101449.87406459918,314.3654910854344
0.079735854152025,1.8987424688103067,101476.11808133301,316.82343596086093
0.11163019581283518,1.9159989036101508,101675.59526614129,311.2438250891444
0.1435245374736449,1.9602617259778632,101840.46439294009,314.174555592091
0.17541887913445509,1.9762535365174019,101771.86874087622,310.78817884351946
0.20731322079526526,2.015483572968243,101985.68559309933,311.6886903847474
0.23920756245607544,2.0391011022610366,102019.37222042898,317.30061497470433
0.2711019041168856,2.0752631514519915,102125.31355569065,316.24251594677514
0.30299624577769535,2.1159752674622276,102167.49897082458,312.87774079874447
0.3348905874385055,2.1179666000088395,102294.2747040477,311.1616872197697
0.3667849290993157,2.1658880318434672,102465.85043871545,308.07321948843673
0.3986792707601259,2.188754521062133,102518.73735461834,312.73662658507743
0.43057361242093606,2.203697400950161,102663.79196385977,318.4717271926761
0.4624679540817458,2.2167738034482203,102722.34510187211,314.294080436818
0.49436229574255597,2.251797062432345,102770.36551872604,312.0849273368278
0.5262566374033661,2.26378742235773,102919.09674753816,313.9005616522102
0.5581509790641763,2.2875076465132738,102935.80575297205,309.60162084186874
0.590045320724986,2.299524410996842,103035.59545236603,311.8690852280332
0.6219396623857962,2.3274176986821167,103058.00960021923,312.3902036605393
0.6538340040466064,2.3190201949697076,103153.02970711436,311.7341636872681
0.6857283457074166,2.3190717065743685,103189.83947416297,313.19098279914147
0.7176226873682268,2.3368393514729457,103347.26579604493,311.98985795322454
0.7495170290290365,2.3408101111847257,103309.94070700559,312.3169219650796
0.7814113706898467,2.3535747097659723,103476.96375995051,309.27205907040843
0.8133057123506569,2.3475101930129525,103495.15493602246,312.1021365907761
0.845200054011467,2.33971094527045,103627.87399261,313.2115984140176
0.8770943956722768,2.3455775966735075,103669.19640610252,307.65051966598
0.9089887373330869,2.311699591373778,103782.68034169776,307.4427661563591
0.9408830789938971,2.3077026086804793,103785.77457918128,311.50768853607383
0.9727774206547073,2.2932561044969137,103725.7558001312,308.0624065132675
1.0046717623155175,2.28500143951716,103853.61021202343,310.8531218580613
1.0365661039763276,2.2595216938462213,103848.38215543603,306.7526086753927
1.0684604456371378,2.262103926188445,103928.4668707805,310.1322035128927
1.1003547872979471,2.2341402250613958,104074.66612399506,307.0621701911065
1.1322491289587573,2.2004894692548476,104072.9852324822,306.88582650944323
1.1641434706195675,2.182187957189514,104045.40313554503,309.0624965263736
1.1960378122803776,2.1710291983435415,104066.1022645167,304.76717625996827
1.2279321539411878,2.150329185437982,104152.02601031326,303.16054480153366
1.259826495601998,2.134578175538191,104120.28379257525,303.6926030184818
1.2917208372628082,2.1151327217663978,104175.37454987389,305.0366732729028
1.3236151789236184,2.0603581075930846,104249.41837311648,300.5385582421804
1.3555095205844285,2.0154963678457483,104313.51109578027,304.4793561415953
1.3874038622452378,1.9723322148091775,104305.13011672962,301.6579502397507
1.419298203906048,1.9638030159681996,104176.07379981445,304.5594142935545
1.4511925455668582,1.9198143157322192,104318.78630689015,297.0012618174583
1.4830868872276683,1.8900875534001687,104317.06965575795,299.7408238321178
1.5149812288884785,1.8540342205614069,104341.02273956756,297.4638555283893
1.5468755705492887,1.8244166539955786,104404.95222113971,298.70631819313917
1.5787699122100989,1.802048695055308,104221.74271956847,300.3757292883486
1.610664253870909,1.7585587349922032,104293.06096710425,299.0436862507228
1.6425585955317192,1.7211762128278731,104346.82389583417,298.4177345006764
1.6744529371925285,1.6784945078371465,104229.81766659417,298.129564001893
1.7063472788533387,1.6386448114161793,104371.27853642147,298.37973303603167
1.7382416205141489,1.6176573686294782,104301.4591149236,295.48296911423057
1.770135962174959,1.5898333478384061,104307.92187429543,298.44336798833444
1.8020303038357692,1.5767538877996186,104216.6058211631,297.8876494662222
1.8339246454965794,1.5300607413933718,104262.43124696742,296.8685389024093
1.8658189871573896,1.5093721072755177,104248.81023921433,296.7516439125169
1.8977133288181998,1.4665606090767582,104177.75451083413,295.77596330575193
1.92960767047901,1.4330489744590984,104145.66473085176,298.8027237304352
1.9615020121398192,1.4100365086683462,104112.43877052858,294.1131964303065
1.9933963538006294,1.3887716445260505,104017.909737805,293.2338366428807
2.0252906954614396,1.3952880512375752,104013.07292376425,291.90782380838624
2.0571850371222498,1.3455017268832623,103969.45387707208,290.92392765764214
2.08907937878306,1.3436280393255244,103950.1827457086,290.0802153380721
2.12097372044387,1.3096318817995083,103932.28657409955,290.37982857641447
2.1528680621046803,1.3133527918734298,103778.04968120778,291.6123039065479
2.1847624037654905,1.2952798666405578,103770.85817128503,292.0268842593568
2.2166567454263006,1.2793259395495498,103794.81934400575,291.0739974738438
2.248551087087111,1.2720581858231574,103624.76823471834,289.0632453935789
2.28044542874792,1.2596372335017252,103559.65916861953,292.02685478010216
2.3123397704087303,1.266536486137481,103547.39617211735,291.3474219555075
2.3442341120695405,1.2556046525263052,103513.75906529544,289.20171624154347
2.3761284537303506,1.248173037456841,103404.18667135556,287.87825564844337
2.408022795391161,1.250119094674769,103400.02467067746,289.95502040421474
2.439917137051971,1.2692784480052821,103304.3345634218,288.91952142283975
2.471811478712781,1.2901633718010492,103229.53436023762,285.344382464445
2.5037058203735914,1.2849303170810535,103139.20326645937,287.8137003933255
2.5356001620344015,1.293203573219873,103150.11702217095,288.19501360811597
2.567494503695211,1.3103644012084685,102943.97514743757,285.6053741488368
2.599388845356021,1.3356856167520215,102772.89878656888,287.5310836511308
2.631283187016831,1.341880659897913,102870.55464433842,284.00145415972355
2.6631775286776413,1.3545111755874804,102683.2334885085,289.35648713810343
2.6950718703384515,1.3904123107919857,102625.8841937474,288.96657513897105
2.7269662119992617,1.4060770091299735,102599.02169283702,285.7659622569459
2.758860553660072,1.4412067935760042,102365.2558824446,286.8121919891371
2.790754895320882,1.4532632687993925,102293.47160216971,281.0938793019515
2.8226492369816922,1.4661857702320256,102185.62641966077,283.44379586982933
2.8545435786425015,1.4930564262689872,102134.66302046091,285.02618927416614
2.8864379203033117,1.5527477325950498,102104.167236309,283.3413701569928
2.918332261964122,1.5840484263323866,102015.44018836711,286.8010817214061
2.950226603624932,1.5965384131576148,101909.41426455473,289.2684131376645
2.9821209452857422,1.626843869815633,101730.75162709675,282.8371008797373
3.0140152869465524,1.6783210698409543,101591.1895490566,283.4469775979322
3.0459096286073626,1.6862214431736697,101614.3289540836,285.539508675601
3.0778039702681728,1.7223476800505597,101492.64749673121,288.2527394213461
3.109698311928983,1.7720107342325253,101443.63609214927,282.5628800959197
